<?xml version="1.0" encoding="UTF-8"?>
<project-private xmlns="http://www.netbeans.org/ns/project-private/1">
    <editor-bookmarks xmlns="http://www.netbeans.org/ns/editor-bookmarks/2" lastBookmarkId="0"/>
    <open-files xmlns="http://www.netbeans.org/ns/projectui-open-files/2">
        <group>
            <file>file:/C:/Users/jesus/Documents/NetBeansProjects/LinguaCheck/src/java/controller/AnalizadorServlet.java</file>
            <file>file:/C:/Users/jesus/Documents/NetBeansProjects/LinguaCheck/src/java/lexer/Lexer.flex</file>
            <file>file:/C:/Users/jesus/Documents/NetBeansProjects/LinguaCheck/web/index.jsp</file>
            <file>file:/C:/Users/jesus/Documents/NetBeansProjects/LinguaCheck/src/java/model/AnalizadorGramatical.java</file>
            <file>file:/C:/Users/jesus/Documents/NetBeansProjects/LinguaCheck/src/java/lexer/Lexer.java</file>
        </group>
    </open-files>
</project-private>
